id,DE,EN,UK,RU
introduction,Einleitung:,Introduction:,Вступ:,Введение:
quastion,Frage:,Question:,Питання:,Вопрос:
answer,Antwort:,Answer:,Відповідь:,Ответ:
early,Was bisher geschah:,What happened so far:,Що сталося раніше:,Что произошло ранее:
epilogue,Epilog:,Epilogue:,Епілог:,Эпилог:
scan_hint,"Halten Sie Ihren Finger auf dem Bildschirm, um den QR-Code zu scannen",Hold your finger on screen to scan QR code,Утримуйте палець на екрані щоб відсканувати QR-код,Удерживайте палец на экране чтобы отсканировать QR-код
rules,"<b>1. Spielvorbereitung</b><br>&bull; Das Spiel besteht aus 4 Kapiteln. Beginnt mit Kapitel 1 (Box 1).<br>&bull; Legt den Kartenstapel verdeckt in die Tischmitte. Karte ""1.01"" muss obenauf liegen.<br>&bull; Setzt euch um den Stapel. Jeder Spieler wählt eine Richtung und nimmt den entsprechenden Umschlag.<br>&nbsp;&nbsp;<i>Wenn ihr 2 oder 3 seid:</i> bleiben einige Richtungen frei. Öffnet die übrigen Umschläge und legt ihre Karten offen aus, sodass sie jeder sehen kann.<br>&bull; Nehmt eure Umgebungskarte aus dem Umschlag. <b>Wichtig: Es ist verboten, eure Karte anderen Spielern zu zeigen!</b> Jeder sieht dieselbe Szene, aber aus seiner eigenen Perspektive.<br><br><b>2. Spielablauf</b><br>&bull; Ihr seid ein Team. Zieht die Karten nacheinander vom Stapel.<br>&bull; <b>Wenn die Karte einen QR-Code hat:</b><br>&nbsp;&nbsp;&bull; Scannt ihn und lest den Text laut vor.<br>&nbsp;&nbsp;&bull; Wenn es eine Frage ist, muss das gesamte Team diskutieren und sich auf eine Antwort einigen, bevor die nächste Karte gezogen wird.<br>&nbsp;&nbsp;&bull; Richtig beantwortete Karten kommen auf den ""Sieg""-Stapel, falsch beantwortete auf den ""Ablage""-Stapel.<br>&bull; <b>Wenn die Karte keinen QR-Code hat (Spezialkarte):</b><br>&nbsp;&nbsp;&bull; Diese nimmt der Spieler, auf dessen Richtung der Pfeil zeigt.<br>&nbsp;&nbsp;&bull; Auch diese Karte darf anderen nicht gezeigt werden!<br><br><b>3. Nützliche Tipps</b><br>&bull; Hört gut zu: Oft zählt jedes Wort.<br>&bull; Der Schlüssel zum Erfolg ist ständige Kommunikation! Beschreibt den anderen detailliert, was ihr auf eurer Karte seht (oder nicht seht).<br>&bull; Ihr dürft bereits gespielte Karten beliebig oft ansehen, aber das Spicken in zukünftigen Karten oder in anderen Spielboxen ist verboten.<br><br><b>4. Ende des Kapitels</b><br>&bull; Das Spiel endet, wenn der Kartenstapel aufgebraucht ist.<br>&bull; Zählt die Karten auf dem ""Sieg""-Stapel: 0-5 (schlecht), 6-14 (gut), 15+ (tolle Teamarbeit!).<br>&bull; Legt eure Umgebungskarten <b>und die erhaltenen Spezialkarten</b> zurück in eure Umschläge. Notiert euren Namen und das Datum auf dem Umschlag.<br>&bull; Wählt in den folgenden Kapiteln dieselbe Richtung, die ihr auch in den vorherigen Teilen gespielt habt!","<b>1. Setup</b><br>&bull; The game consists of 4 chapters. Start with Chapter 1 (box 1).<br>&bull; Place the deck of cards in the middle of the table face down. Card ""1.01"" should be on top.<br>&bull; Sit around the deck. Each player chooses one direction and takes the corresponding envelope.<br>&nbsp;&nbsp;<i>If there are 2 or 3 of you:</i> some directions remain free. Open the extra envelopes and place their maps face-up so everyone can see them.<br>&bull; Take your map out of the envelope. <b>Important: showing your map to other players is forbidden!</b> Everyone sees the same scene, but from their own perspective.<br><br><b>2. Gameplay</b><br>&bull; You are one team. Draw cards from the deck one by one.<br>&bull; <b>If the card has a QR code:</b><br>&nbsp;&nbsp;&bull; Scan it and read the text out loud.<br>&nbsp;&nbsp;&bull; If it's a question, the whole team must discuss it and agree on an answer before revealing the next card.<br>&nbsp;&nbsp;&bull; Correctly answered cards go to the ""Victory"" pile. Incorrect ones go to the ""Discard"" pile.<br>&bull; <b>If the card has no QR code (Special Card):</b><br>&nbsp;&nbsp;&bull; It is taken by the player whose direction the arrow points to.<br>&nbsp;&nbsp;&bull; This card must not be shown to other players either!<br><br><b>3. Tips</b><br>&bull; Listen carefully: often every word matters.<br>&bull; The key to success is constant communication! Describe in detail what you see (or don't see) on your map to the others.<br>&bull; You may look at already played cards as much as you like, but looking ahead or into other game boxes is forbidden.<br><br><b>4. End of the Chapter</b><br>&bull; The game ends when the deck runs out.<br>&bull; Count the cards in the ""Victory"" pile: 0-5 (poor), 6-14 (good), 15+ (great teamwork!).<br>&bull; Return your maps <b>and acquired special cards</b> to your envelopes. Write your name and date on the envelope.<br>&bull; In subsequent chapters, choose the same direction you played in previous parts!","<b>1. Підготовка до гри</b><br>&bull; Гра складається з 4 частин. Починайте з Частини 1 (коробка 1).<br>&bull; Покладіть колоду карт посередині столу сорочкою догори. Карта ""1.01"" має бути зверху.<br>&bull; Сядьте навколо колоди. Кожен гравець обирає одну сторону та бере відповідний конверт.<br>&nbsp;&nbsp;<i>Якщо вас 2 або 3:</i> деякі сторони залишаються вільними. Зайві конверти відкрийте, а карти місцевості з них покладіть на столі так, щоб усі могли їх бачити.<br>&bull; Дістаньте свою карту місцевості з конверта. <b>Важливо: показувати свою карту іншим гравцям заборонено!</b> Кожен бачить одну й ту саму сцену, але зі свого ракурсу.<br><br><b>2. Процес гри</b><br>&bull; Ви — одна команда. Відкривайте карти з колоди по черзі, одну за одною.<br>&bull; <b>Якщо на карті є QR-код:</b><br>&nbsp;&nbsp;&bull; Відскануйте його і прочитайте текст вголос.<br>&nbsp;&nbsp;&bull; Якщо це питання — вся команда має обговорити його і дійти спільної відповіді, перш ніж відкривати наступну карту.<br>&nbsp;&nbsp;&bull; За правильну відповідь карта йде у стос ""Перемога"". За неправильну — у стос ""Відбій"".<br>&bull; <b>Якщо на карті немає QR-коду (Спеціальна карта):</b><br>&nbsp;&nbsp;&bull; Її забирає той гравець, на чию сторону показує стрілка.<br>&nbsp;&nbsp;&bull; Цю карту також не можна показувати іншим гравцям!<br><br><b>3. Корисні поради</b><br>&bull; Уважно слухайте: часто кожне слово має значення.<br>&bull; Ключ до успіху — постійне спілкування! Детально описуйте іншим те, що ви бачите (або не бачите) на своїй карті місцевості.<br>&bull; Ви можете переглядати вже зіграні карти скільки завгодно, але заборонено підглядати в карти наперед або в інші коробки гри.<br><br><b>4. Завершення частини гри</b><br>&bull; Гра закінчується, коли вичерпається колода карт.<br>&bull; Підрахуйте зібрані карти у стосі ""Перемога"": 0-5 (погано), 6-14 (добре), 15+ (чудова командна робота!).<br>&bull; Поверніть свої карти місцевості <b>та здобуті спеціальні карти</b> у ваші конверти. Підпишіть на конверті своє ім'я та дату.<br>&bull; У наступних частинах гри обирайте ту ж сторону, з якої грали в попередніх частинах!","<b>1. Подготовка к игре</b><br>&bull; Игра состоит из 4 частей. Начинайте с Части 1 (коробка 1).<br>&bull; Положите колоду карт посередине стола рубашкой вверх. Карта ""1.01"" должна быть сверху.<br>&bull; Сядьте вокруг колоды. Каждый игрок выбирает одну сторону и берет соответствующий конверт.<br>&nbsp;&nbsp;<i>Если вас 2 или 3:</i> некоторые стороны остаются свободными. Лишние конверты откройте, а карты местности из них положите на столе так, чтобы все могли их видеть.<br>&bull; Достаньте свою карту местности из конверта. <b>Важно: показывать свою карту другим игрокам запрещено!</b> Каждый видит одну и ту же сцену, но со своего ракурса.<br><br><b>2. Процесс игры</b><br>&bull; Вы — одна команда. Открывайте карты из колоды по очереди, одну за другой.<br>&bull; <b>Если на карте есть QR-код:</b><br>&nbsp;&nbsp;&bull; Отсканируйте его и прочитайте текст вслух.<br>&nbsp;&nbsp;&bull; Если это вопрос — вся команда должна обсудить его и прийти к общему ответу, прежде чем открывать следующую карту.<br>&nbsp;&nbsp;&bull; За правильный ответ карта идет в стопку ""Победа"". За неправильный — в стопку ""Сброс"".<br>&bull; <b>Если на карте нет QR-кода (Специальная карта):</b><br>&nbsp;&nbsp;&bull; Ее забирает тот игрок, на чью сторону указывает стрелка.<br>&nbsp;&nbsp;&bull; Эту карту также нельзя показывать другим игрокам!<br><br><b>3. Полезные советы</b><br>&bull; Внимательно слушайте: часто каждое слово имеет значение.<br>&bull; Ключ к успеху — постоянное общение! Детально описывайте другим то, что вы видите (или не видите) на своей карте местности.<br>&bull; Вы можете пересматривать уже сыгранные карты сколько угодно, но запрещено подглядывать в карты наперед или в другие коробки игры.<br><br><b>4. Завершение части игры</b><br>&bull; Игра заканчивается, когда иссякнет колода карт.<br>&bull; Подсчитайте собранные карты в стопке ""Победа"": 0-5 (плохо), 6-14 (хорошо), 15+ (отличная командная работа!).<br>&bull; Верните свои карты местности <b>и полученные специальные карты</b> в ваши конверты. Подпишите на конверте свое имя и дату.<br>&bull; В следующих частях игры выбирайте ту же сторону, с которой играли в предыдущих частях!"
rules_title,Regeln,Rules,Правила,Правила
btn_okay,Okay,Okay,Окей,Окей
share_title,"App teilen","Share App","Поділитися застосунком","Поделиться приложением"
